<PAMDataset>
  <SRS dataAxisToSRSAxisMapping="1,2">PROJCS["unknown",GEOGCS["unknown",DATUM["WGS_1984",SPHEROID["WGS 84",6378137,298.257223563],AUTHORITY["EPSG","6326"]],PRIMEM["Greenwich",0,AUTHORITY["EPSG","8901"]],UNIT["degree",0.0174532925199433]],PROJECTION["Transverse_Mercator"],PARAMETER["latitude_of_origin",0],PARAMETER["central_meridian",105],PARAMETER["scale_factor",0.9996],PARAMETER["false_easting",500000],PARAMETER["false_northing",0],UNIT["metre",1,AUTHORITY["EPSG","9001"]],AXIS["Easting",EAST],AXIS["Northing",NORTH]]</SRS>
  <GeoTransform>  5.6470200000000000e+05,  3.0000000000000000e+00,  0.0000000000000000e+00,  1.1526300000000000e+06,  0.0000000000000000e+00, -3.0000000000000000e+00</GeoTransform>
  <Metadata>
    <MDI key="NODATA_VALUES">1 1 1</MDI>
  </Metadata>
  <Metadata domain="IMAGE_STRUCTURE">
    <MDI key="INTERLEAVE">PIXEL</MDI>
  </Metadata>
</PAMDataset>
